distance_km,parcel_weight_kg,traffic_density,time_of_day,weather_condition,city_type,delivery_urgency,transport_mode
0.5101471047714632,5.696829529366152,4,0,1,3,6,2
12.635866413615823,5.861969167156588,3,2,3,1,4,1
12.82553404710878,1.7654416394158514,5,4,2,1,7,2
5.47042661038572,2.2812243788460584,4,5,1,2,10,0
0.8081167690849049,4.610453446336434,4,13,3,3,9,2
10.35723997353342,7.255411210825849,1,10,2,2,2,2
2.38557734350396,2.628910815859992,1,13,2,1,2,2
3.269605962669791,5.774904326473621,2,14,3,1,9,0
1.7869555748718455,5.267587351729767,2,14,1,1,1,2
3.999506113277451,1.9827336524738373,5,16,2,1,7,0
1.598737080139764,4.7832463948639425,1,18,3,3,8,0
0.10066331607247861,2.890393262492569,2,2,1,1,6,1
12.278976226390842,5.39042442392049,2,11,1,1,8,0
12.77466956422078,4.763232202000496,1,13,3,1,10,1
14.932720515101852,5.804477379537209,2,11,1,1,5,0
5.702078233266544,4.913238165391092,1,16,2,3,7,0
12.17102492238677,5.928438728393413,3,20,2,2,8,0
30.04797822262606,3.6895146152192466,3,8,2,3,4,1
5.522309479579021,6.570583200235744,2,5,2,1,5,0
2.0690021492033783,5.630650132973514,2,2,1,3,10,0
12.839840124633653,6.195551288629677,5,10,2,2,7,0
30.963785279933013,7.948749619126559,4,1,2,2,3,0
1.4760427980651267,5.2995074657502474,2,18,1,1,8,1
1.5761476234592233,2.2560440044520496,2,14,2,2,3,0
0.03557890499548498,4.833456511799284,2,7,2,3,2,0
8.46234336200554,7.256133507373476,2,2,2,1,3,2
0.008977237503314165,6.050693733537091,4,18,1,3,10,0
5.035208125030919,5.501099512825438,5,10,3,3,8,0
2.0504826408191907,5.155340888547607,5,6,2,3,4,0
1.5910657425564234,3.439007056089655,4,11,3,1,9,2
8.63343876114158,5.7640770686805824,2,19,3,1,8,0
7.443649311884458,5.64856616929156,5,0,1,2,7,0
19.520430218419378,5.2215885802347515,1,22,2,1,6,2
28.431335968556258,0.0030016180768894785,1,3,3,3,9,0
2.866655173303444,4.295110341221883,2,5,1,2,5,0
41.19328984613005,3.08145458123156,5,21,3,2,2,1
1.3186167095641816,4.485964410045251,1,7,3,2,10,0
19.7780735824522,2.941786755788099,3,21,2,1,2,2
26.550854713024947,6.606111174487851,4,1,2,2,1,2
16.13829441641408,2.942161898807059,3,5,2,1,5,0
40.5853471100495,4.556167261478253,2,13,3,2,6,0
9.260162476350345,8.039294332526088,1,3,1,3,1,0
14.461197675351844,1.222982745919584,5,21,3,3,3,0
6.1618862947289,4.422719806407294,4,1,1,3,4,0
0.5838036293932988,2.4522565652647255,4,13,3,3,1,0
9.295860260795605,5.776200465017529,5,14,3,2,4,1
13.230329909026768,4.045961481598617,3,13,1,2,2,0
15.506799551120219,6.526240191381186,1,2,3,1,7,0
12.477509987157408,5.239335534295077,3,23,2,1,7,0
2.6174555066862792,4.686644656683794,3,8,1,2,1,1
0.9202929056956819,4.68583743463466,5,13,2,1,10,1
0.8070202345625872,4.614079993987709,4,9,2,2,5,2
10.081366177531116,3.4753315148716863,2,12,2,1,9,2
4.680821149551227,5.302479259702452,4,21,3,2,3,2
19.26100300039564,5.471605010520031,4,19,1,1,3,2
3.7255464578191875,4.950351765102988,3,3,1,1,10,1
6.560205700218647,4.592669263282579,3,5,3,3,6,1
5.214905639711084,5.763406272843553,1,7,3,3,6,0
2.2852499520187584,5.214965996432785,1,12,1,1,3,1
2.5238147425616653,4.537445284570232,1,6,3,1,5,0
5.782922806076777,8.03141425812597,2,4,1,3,9,0
1.7892366008429383,7.7240325639763014,5,18,2,2,9,1
7.174218970540398,7.231576054477147,5,1,3,2,5,0
10.609147518280139,6.56961463093822,4,1,1,2,7,1
3.9287602638906676,6.722645517736715,5,2,3,2,9,2
21.234407173546998,8.17273239446691,4,1,3,1,7,2
14.043613478131366,5.197700893572479,4,4,2,1,6,0
6.414653264635377,3.8772810830682483,3,3,3,3,1,2
2.0090059115656285,5.855457911405242,5,22,2,3,2,2
0.9441861331429333,3.5901566483304728,1,11,1,1,1,0
5.500550919531956,8.326776048901738,1,5,2,1,4,0
6.037952671480095,5.246255234719775,4,7,3,2,9,2
5.2131383226482395,5.698345281054722,5,19,2,3,9,1
12.999626984091265,4.774828747798485,3,21,1,3,4,0
10.960727461182172,6.685710869845042,1,23,2,2,8,0
2.222877487962243,4.305954707461615,5,2,2,2,10,0
14.144158976654808,4.282053689543897,2,7,2,1,4,0
0.50200249408435,3.1923693156761077,1,3,3,1,6,2
3.603125661467949,5.679417883943575,4,2,2,2,7,1
13.257112176539431,7.0093938151341675,3,12,1,2,9,2
2.9857972890685787,4.777608647519808,2,13,1,1,10,0
16.341595705255067,3.217846710535623,2,18,3,3,9,2
7.55478322920894,4.958953887417398,3,3,1,3,10,2
0.6294890026801068,7.350868686474079,5,1,2,3,8,2
1.0548676406753557,2.955826183002593,4,22,1,1,3,0
5.545660284671751,7.164603082248514,4,5,2,2,9,2
3.1493688696967737,5.341703556324961,3,1,3,2,7,0
16.246475190706317,2.2307265702394345,2,12,1,2,8,0
10.172694873419397,4.661318870756374,3,14,1,1,4,0
0.7371923554948068,4.998942736948672,3,19,1,3,1,1
10.822198677218166,3.4969313203197476,1,1,2,1,6,0
6.286670969226637,6.183270563766056,5,7,1,2,2,0
2.704242405275665,6.839939639692339,4,10,2,1,4,0
7.539276579946654,0.9687115267295257,1,11,2,1,8,2
4.466590415157654,5.538531496755122,2,21,1,1,10,0
2.5756381095337444,7.407344390508275,3,14,2,1,9,0
14.932873485671854,6.551088665375979,2,9,2,1,5,0
7.588578558638942,6.658192239121263,5,23,1,1,5,0
0.7866324530412374,1.243120493190292,3,23,1,3,6,0
3.364262780282312,2.471156190476306,3,12,3,3,5,2
33.70283943258156,3.999934640451214,2,0,1,3,7,0
2.871429296836317,1.7350775822671785,2,0,2,2,9,0
1.2647932127083497,4.732294633425749,1,17,3,2,7,0
9.678834740827348,2.814646288283045,3,0,1,3,7,1
27.511015858533582,5.655476787803863,2,17,1,1,3,0
4.205042963806797,3.059218009036094,5,20,3,1,10,0
12.439056504638508,3.70327659615554,4,5,1,2,8,0
4.817114561232363,4.232237911285619,2,12,2,3,1,0
38.61092654669121,3.604430998728403,2,4,2,1,4,0
32.81795611119718,8.541295953949902,2,6,3,3,7,2
1.6281177425893878,2.514114834630767,3,4,1,2,4,0
3.1173021799023726,2.5497445456552223,2,12,1,3,9,2
3.0770508226444364,5.996255332561237,5,4,3,3,5,2
2.7928298300655663,3.7359427149200353,5,3,2,2,9,2
3.029987990785161,1.8328110008364007,2,20,3,3,3,1
12.316789666940924,5.298462170029341,4,10,1,2,8,2
1.696248753618149,5.670440991323625,5,15,2,2,1,1
6.834922456538729,3.728998093033807,2,16,2,3,7,1
11.231863500146098,2.5896028324820293,2,9,1,1,10,0
3.916848921679911,4.2199715757306375,1,15,3,1,3,0
26.831360259608683,3.161984310973145,4,10,3,1,5,1
4.086681173995678,4.221834044556687,2,2,2,1,1,0
7.339187308541179,6.158578162770412,3,7,2,1,8,1
10.164882805241888,2.200528765601014,3,18,2,1,10,1
1.0587577186241766,7.030759360321523,5,17,1,1,9,2
9.445518696375007,4.293169351790343,4,13,1,3,9,0
23.67203369946631,5.729505071838211,3,12,2,2,3,0
2.356883746794015,6.867819638482576,2,19,2,3,4,0
18.11607944802668,3.910406278748739,5,4,2,1,2,0
1.5227464074096095,3.609788005733554,5,15,1,3,4,2
13.18427312506782,3.5961633227951424,2,22,3,2,1,0
6.677965780810286,5.240002018967597,4,21,1,1,7,2
0.2756321858418166,5.2885125766429235,3,13,3,2,1,0
12.41290593498855,5.265663972775502,3,12,3,1,3,2
10.26684829594595,5.634645616603444,2,1,2,1,4,0
3.837474281513301,4.432645572918242,2,4,2,2,4,0
37.082015343884486,6.853461641149557,4,5,2,3,9,0
3.2892067237256883,4.282657288353297,1,3,3,1,6,0
5.206378325657772,6.050800790007362,4,16,3,1,6,1
1.1701894516971565,3.003433356830149,2,21,2,2,5,0
1.4811411924242401,2.7527923275763255,1,6,3,3,7,0
2.643218806461503,5.54004403186824,5,1,1,3,7,0
4.854953729853735,5.7040303774613665,5,3,3,2,6,1
3.3612045758473523,4.843333160330206,3,11,3,2,3,0
9.864391416472886,5.05389532950647,5,17,3,3,4,0
9.07687140796134,6.9397970264170645,3,16,2,1,3,2
2.4473039847070703,5.360944498546451,4,2,3,1,7,0
8.062827732118638,5.537712709707983,5,14,3,2,1,0
5.485743999734699,4.225687131950527,4,7,1,2,4,1
1.0243731128380285,2.47048884387727,3,10,3,1,2,2
1.8175094902908253,7.673550583420875,3,8,1,3,4,2
8.510247053546706,3.9606101598355368,2,23,3,1,3,0
0.12987044504674597,1.8281125085586973,4,21,3,2,6,0
8.088793760544068,3.3347506425823017,2,1,1,2,8,0
1.0483238014231746,9.134435522782406,5,2,2,3,1,0
16.72762984688712,7.321047103299854,2,13,1,3,9,1
6.152260291801013,5.676478869284673,5,13,3,3,9,0
18.280173184727786,5.172716994460036,3,0,3,2,9,0
1.495687714548592,5.064784358398449,4,20,1,3,7,0
25.888637797485877,4.738777879770115,1,23,2,2,7,0
23.103792165505723,3.714088865178111,5,22,1,1,5,0
1.3478025587668487,5.550184414825845,5,13,2,2,8,2
8.89539464548175,6.641563998099832,1,13,2,1,8,0
0.4897801542785541,8.21156557797,1,16,1,1,9,0
0.6810355509313928,7.063343294076635,4,3,1,1,3,1
1.5958052213083527,5.16684441694097,4,8,2,1,5,0
4.409427243070713,1.8996471573003015,5,5,2,1,3,0
7.415014082796198,2.9042510053251913,3,17,2,3,5,0
0.9000549264406299,2.776124994312275,1,18,2,3,9,1
2.3357408750158566,5.474158486709583,3,20,3,2,1,1
19.905799751944386,5.850777714303534,4,23,3,2,9,0
5.096949800284234,6.61453741576751,2,5,3,3,1,2
7.787632978041273,4.109220590332022,3,2,3,3,7,0
18.625747224182245,5.3275946088323485,5,9,1,1,4,0
5.564983926946524,4.389324050674745,1,15,2,2,8,1
4.045999315977967,3.970773489184027,3,22,1,3,3,0
13.56180546366567,3.3259107010407143,3,3,2,2,1,2
0.5497964965884232,2.3569354092764505,4,6,2,2,1,1
37.05227080398452,3.5318745567608287,4,0,1,1,2,1
37.67940387907219,4.130564683904139,1,1,1,2,1,2
4.735972267243485,1.7855317590795692,3,3,2,2,5,2
7.469086155008364,1.8386496579098273,1,15,3,2,1,0
5.24037603517963,1.949871400968401,2,11,2,2,6,0
0.8113112948052046,5.0294500413172765,1,11,1,2,7,0
3.3963912110309384,9.077776516962508,1,11,2,1,3,0
7.974466298928294,3.259030517838283,1,21,1,2,6,0
12.862713740678275,7.190673846096292,5,16,3,2,2,1
3.9058403638486316,4.818054861215035,1,20,2,2,1,0
0.19083672856948064,2.656062668406161,2,23,1,1,10,0
5.260659367439855,6.5867180704937,1,17,2,1,4,0
6.188252825744726,5.749513150625435,4,23,2,2,1,1
27.135221463626948,7.612911168624842,4,20,2,2,2,1
2.7184555457596096,6.567933940113093,4,19,3,1,9,0
5.274695412235014,4.113896270682165,1,16,2,2,7,1
25.9741445020168,6.813216058692506,4,20,1,3,4,0
8.857106386215893,2.1265804424046744,3,12,1,2,9,1
11.627605277936368,5.4124495661221195,4,20,2,1,7,2
9.230323397526263,3.960291194599617,4,22,1,3,4,0
5.555491211454298,4.277404795063137,2,8,2,1,8,1
6.509339950670402,5.879304075212353,4,16,2,2,7,0
7.619499850213409,0.8567296916984528,5,14,3,2,6,0
16.346091551136592,5.080694279701519,5,4,2,2,2,0
11.136307180156422,5.669721198046551,4,16,3,2,6,0
1.4494673457205782,5.107202100225556,5,7,2,1,9,0
15.506880935492353,5.939629903280711,3,11,1,1,7,0
6.027771520406054,8.34121493417927,4,14,1,3,8,0
3.8510776448411983,4.266329442854615,4,9,2,2,8,0
9.990031898036802,10.193767835626662,2,3,3,1,9,1
8.217178734097985,4.007774208661427,3,17,2,2,5,1
9.46949629472843,4.204000072621218,4,14,3,2,3,0
3.1649070681108276,4.978013672244974,1,23,1,3,1,0
18.19694328490639,2.817640515692544,4,22,2,1,7,0
17.939596451271846,5.2394778498390115,4,1,1,1,2,0
3.4395974356360997,0.8772706267180475,3,18,3,1,5,0
1.0344857680187551,5.908573513449685,5,13,3,2,7,0
17.457728986959577,7.412241248120779,2,8,3,1,5,0
16.674089632892983,3.8054549141279086,1,21,1,3,9,0
1.7355509450535078,8.710330903198777,5,13,3,1,6,0
0.07941320295703302,3.2572578663205896,1,6,2,2,3,0
13.919688906026389,2.5604991064350924,1,15,1,2,5,2
0.15367301596132188,5.955142762321095,5,20,1,2,2,0
1.8693727528570059,1.7843438595846255,3,11,1,1,2,2
9.494933042615688,4.570279124384595,4,13,2,2,10,0
6.724130904714425,6.027479908860748,3,13,3,1,1,0
4.767465002269512,7.024207548045608,2,18,1,1,8,0
26.661216999999297,6.758392209073385,2,1,1,3,8,2
40.0179655308079,4.610838332316219,5,3,1,1,7,0
16.927565071646747,4.980029430747638,1,5,2,1,6,2
27.564837334165297,5.449415662388183,1,4,2,1,6,0
21.371212575794377,3.5692719024921638,1,6,2,2,2,0
9.460520650682525,8.487722687596843,4,2,3,3,6,0
3.090166764042281,3.867225300102124,5,3,3,1,3,1
1.75043454632679,2.590200516247508,4,0,3,2,6,0
1.265539351626175,3.167391035709167,1,12,3,2,9,1
19.05914204249601,5.5217298109428175,2,16,2,1,5,0
13.063274736052389,6.823373160966235,3,18,3,1,3,2
12.311966744352215,5.81984784375586,2,18,3,1,6,0
13.11520789942648,2.629715466382401,2,3,1,3,10,0
5.604828908406608,5.349498948392395,3,6,3,1,8,0
10.645693479872374,4.706458514812955,4,9,1,1,6,1
31.37092034783937,8.873112706058446,2,10,3,1,1,2
11.704345163146229,2.32363322631041,5,10,2,1,10,2
4.7581974355796754,1.3904049772928215,3,14,1,3,10,0
12.424179711879972,6.596049342659605,2,22,3,3,7,0
28.682582298687116,7.389215340150082,2,4,2,1,7,2
12.105793634910093,3.857007774073274,2,3,2,3,10,1
0.479744204289723,4.333255436594191,4,5,2,1,8,0
7.887827286401217,8.437411412313674,5,0,2,3,1,0
4.9910581837652455,6.351897497708048,3,22,1,2,2,1
4.756314735171359,3.6681548151978833,3,23,3,1,10,0
15.203069235000235,7.4008963360072215,1,12,1,3,3,2
18.634780041978946,3.4608879710061853,2,20,2,2,4,1
6.800943203476249,6.228906946520738,4,7,1,3,10,0
11.130339784283787,6.771942622273855,1,15,1,3,3,1
4.986919186313166,5.458708484042238,5,16,3,1,5,0
7.356888559222265,3.8942798615156633,1,10,1,3,2,0
11.432290934638914,6.301722095348829,1,10,3,2,10,1
3.9698592938301185,6.638982527514443,5,9,2,2,2,0
1.894358227171111,4.613841715164381,1,16,1,1,6,0
5.199817933154046,4.602132728062022,1,13,2,1,9,0
14.261594738952061,6.894576291742082,4,15,2,3,7,2
0.4205097140656404,5.9254064612900565,3,15,3,1,5,0
46.585195854772856,2.78212746121962,2,17,1,2,9,1
6.497881814167932,2.2491147480051135,4,13,1,3,1,0
9.339845293039172,4.380338720087666,3,12,1,3,9,0
7.648157523628227,3.820634763685054,1,3,2,1,5,0
19.433144728247544,3.6948114013663105,5,20,3,1,3,0
50.0704398473343,8.763695396187408,3,6,1,1,6,0
17.68423375603135,6.601161209739973,5,9,3,1,6,2
39.67057082798795,2.89924335811811,5,20,1,3,9,0
3.817246907123569,6.9554656839374145,3,12,1,1,7,1
12.00460487017213,7.989493904067604,3,19,2,3,4,2
4.533823661268105,8.171157552413163,2,13,1,1,10,2
0.326191220541271,4.3865001330138025,4,17,2,2,5,1
15.296806796193614,3.7013354404328602,5,6,1,3,9,2
3.056876643448832,7.794971249725405,5,22,2,2,2,0
1.46885907159395,3.8042152111925813,4,1,2,1,3,1
11.314913392914434,6.788709937469607,5,3,1,3,7,2
2.6541471837579595,4.665100114743791,5,12,1,3,8,0
9.223343869533828,4.710131571635042,5,14,1,2,5,1
8.740493499183055,1.6862000697753081,3,21,2,3,6,0
10.739467455105176,5.098289229095425,5,16,3,2,7,2
6.824651620389898,2.302239862533575,4,21,1,3,9,2
0.12418128578821994,5.198460175172934,5,0,1,3,8,0
7.307656866841137,8.291557206666683,1,16,2,3,1,2
3.1141083724644343,3.914442104922813,1,5,3,1,9,1
10.582415166646737,3.340177995262397,4,22,3,3,1,2
27.377846400645748,4.3642473625637646,2,17,2,1,10,0
2.202340018278587,3.14525885396019,3,10,2,2,1,0
19.537606310560395,4.174077968955758,3,0,1,2,6,0
48.9609871530159,3.365786729179105,3,6,1,3,7,0
19.701378666755893,3.7247916872403195,3,7,1,3,1,0
2.8104849325107257,7.400515454545598,3,5,2,1,1,1
9.47861300278048,4.338233445411616,2,14,1,1,4,0
3.9957174648438887,3.83402203864072,5,14,2,1,9,0
6.625768665116645,4.582287353777319,5,3,1,1,7,0
3.7665971433238625,4.465831153926304,5,22,2,2,9,2
23.256349683223846,7.426517345182752,3,17,1,3,6,0
6.6433832834235975,6.812796688531025,5,21,2,3,4,0
0.32183009992328676,6.139406055493884,4,15,1,3,8,2
2.920814302947346,7.007031228892815,1,18,2,1,10,0
3.2379089702447335,4.254873775382066,4,22,1,1,7,1
18.340715383038496,2.491423521501493,2,12,3,2,8,0
23.857194339372604,6.64916258557219,1,17,3,1,6,0
8.974129330376671,2.07659305601204,5,18,3,2,5,0
0.5407903571226925,1.2454009499662546,4,16,2,2,2,0
0.2359036362068897,2.9382817345525414,3,10,1,3,7,0
0.5155314038019244,7.921793809650461,1,7,2,3,10,0
3.6788144187727645,5.777644769976154,2,21,1,3,5,2
1.7902025113087143,8.899468490839233,1,19,2,1,1,0
1.9887185765202542,4.736545947098479,3,9,3,2,1,2
12.995610113214646,4.394899276779079,3,0,2,2,8,0
4.179004881181409,4.2984353160379,2,5,1,3,4,0
6.338774601376599,1.6937997751872573,4,11,1,1,5,1
26.117024405258555,6.689544901784338,3,23,1,2,10,0
27.635597405657933,3.458408791064075,5,23,1,2,2,0
26.10595848572411,3.5391601866522495,5,9,3,1,9,0
3.3559197182674416,1.422893493664224,2,12,2,3,9,0
12.408454737472816,5.869444968719876,3,1,3,2,2,0
0.46744345085810857,5.343102645192391,3,1,2,3,2,1
5.279544314598875,3.935909632421235,1,3,2,3,3,0
35.12679624478733,7.026384616387494,4,12,3,3,9,0
17.543805950780058,7.086083035446726,3,23,3,1,3,0
5.526214329700392,4.809603659796173,4,13,1,2,6,1
5.56904766735565,4.0791545997342435,3,2,2,1,6,0
4.911294300822786,3.3974237313066693,5,14,2,2,7,2
27.51532755205796,3.964719553122564,3,21,3,1,8,1
26.215633619540675,4.695608207235331,4,17,1,2,8,2
2.1070653019879013,9.506088560169651,2,5,1,1,5,0
22.825048296656696,6.900637376878754,2,20,2,2,5,0
17.581756093605616,6.652425659804921,4,4,2,3,7,0
6.166909845166133,7.663931544169778,5,13,1,3,2,0
8.183732095784245,5.273244029455427,3,9,3,1,6,2
24.263729679752895,3.7630408996801235,2,21,3,3,8,0
0.9153924562735348,5.383074839054522,3,18,1,2,8,1
33.840647054800364,4.150539974288713,5,7,3,2,9,1
0.8275557521505185,5.0612909466826475,4,1,2,2,6,1
3.6161669357117825,3.712286860291459,1,5,1,2,8,0
8.80459327852409,11.218780387289058,4,23,1,3,9,0
25.20947264800554,6.23002637970661,5,13,1,2,5,2
14.702022011099,4.792639863156725,4,22,1,3,3,0
6.53772975776976,1.6058504122337114,5,21,1,1,8,0
6.908290955892581,2.405007301882945,2,21,1,3,6,0
19.31785327999443,5.927878548788323,3,14,2,1,8,2
3.998002327218346,5.791153880190607,1,8,2,3,7,0
32.5776294525441,7.576639582415296,4,19,3,3,3,1
7.23617998758312,2.481400022055135,3,7,3,1,3,2
2.9225716125904713,3.1410881674070064,4,23,1,3,1,0
2.982320891690513,4.799716961288948,5,5,2,1,3,2
11.560915721997082,6.783018128211808,2,9,3,1,5,1
9.760647829281751,2.919190176216717,3,9,2,3,6,0
3.3670202758337613,4.568944222757218,3,9,3,2,6,2
7.872755034518764,2.6817344586750775,1,2,3,2,2,0
2.65915824465275,8.671584998545583,2,22,2,1,7,0
7.685295140125881,5.82485342985644,4,10,2,2,7,0
0.13225574592859557,5.276444174139312,3,3,1,1,3,0
3.5248688793254375,1.747005785897195,5,0,3,1,7,0
10.276441470685388,4.904047093213357,5,18,3,2,7,1
8.948267119991627,2.874206351714106,1,20,2,1,10,0
9.5686103537188,2.8184262489255936,1,15,1,2,10,2
15.14525569974596,1.9941483401922775,1,17,2,3,6,2
7.806864448724888,4.921346418486135,2,10,3,2,8,0
4.516323067057323,5.831660101475028,4,18,2,1,10,0
30.482946040116165,4.444154454870544,3,10,3,3,4,0
6.949072556917538,8.63980261515874,2,12,1,1,1,0
10.061163560828774,6.366955159939121,5,12,1,3,6,2
27.45818647546684,7.216189545316697,4,23,3,1,9,0
7.92648746473499,5.321518670760991,3,17,3,3,10,1
1.277641678384906,4.2413428261102695,3,10,1,2,9,2
4.231009267923586,4.623745858907932,5,9,3,1,6,1
6.578599547852871,4.886300703693674,2,5,1,3,7,0
6.019017931734361,4.765442362097755,5,12,3,2,6,1
0.5939600262495739,3.444139293152484,4,13,1,1,6,1
28.282845908121285,3.2784822525014374,1,13,3,1,3,1
0.37603270031585784,6.661650316501334,3,15,2,1,10,0
2.648111815343789,5.141059396120126,3,14,3,2,7,0
9.252346129560653,4.011889245305985,4,17,1,2,7,0
2.6423886852875667,6.353420784053569,3,21,2,1,7,0
20.118560124770717,3.2466196018202007,1,1,1,2,8,0
2.4326355900235623,1.8571836194181457,5,12,1,3,3,0
11.058441194550744,2.957587755074022,5,11,1,1,3,1
7.452195625377635,5.4015819402007725,4,5,1,1,8,2
5.6770865808721585,4.732927693920379,2,15,1,2,3,0
20.65089608578976,3.3908403640034415,4,19,1,3,8,0
7.988985018831748,4.491468806719844,4,17,2,3,3,0
12.335130781530959,5.108531192447554,3,17,3,2,8,0
6.428452207101417,5.196531398777968,4,4,3,2,10,0
9.311402801822132,5.190396853134926,2,15,1,3,6,2
2.580520224241764,6.019563258880958,4,12,3,1,9,0
32.16882918278829,5.268212635165332,3,7,3,1,2,2
11.77865535485314,7.575574783577633,2,9,2,2,9,0
9.547105380377577,4.996452068393834,1,4,3,3,8,1
0.09926250461765358,7.647042934555683,4,8,3,1,1,0
18.682698624011117,6.496146467122004,4,6,3,1,10,0
2.629096036542415,2.8030590957321952,3,6,1,1,10,0
0.08751006779526159,4.049249201450634,5,20,2,1,8,0
15.522157918121469,1.8868551553646182,1,17,1,2,5,0
2.1868719057850097,8.139952152849158,1,10,2,3,9,2
8.343559172407733,4.1168690786266655,4,21,2,3,3,2
16.05908068408308,7.826457760136083,5,7,2,3,1,0
18.588775955098754,2.0764417319460198,4,18,3,2,1,0
2.947817385933776,3.524318256431636,5,20,3,3,4,0
3.2312486705844465,7.723539145567617,5,21,2,2,7,1
6.59665103924422,6.811811176919468,2,18,1,3,5,1
15.957632434145983,5.034746053124914,4,13,2,2,9,1
5.843557099323431,1.3916096364258452,1,0,3,2,2,2
0.7656257434509661,4.973237668237703,2,7,2,1,10,0
3.4632042862132977,4.745233926661627,5,2,2,2,4,1
2.247360176326166,5.443043310539822,1,17,1,3,9,0
51.43668395120437,1.5282439326221038,1,16,3,1,9,0
18.6030546317089,4.622546050056604,4,16,2,2,7,0
7.102077532651004,3.0093782508735383,1,17,3,3,9,1
6.95516817504922,4.439485827975771,5,17,1,2,5,0
4.706587887807227,0.7701038949352927,2,11,3,2,10,2
0.23545746197629314,6.1277131475275555,3,6,3,1,7,0
5.56046529384834,5.817335464926382,4,2,3,1,4,0
1.9133839263492594,2.9557981927578845,5,20,2,3,2,0
0.8287821746977759,5.429150155240918,3,6,1,3,4,0
22.28082994203353,3.753872039499897,5,12,3,2,10,2
1.7853037908534284,6.583670714867962,3,0,2,3,9,2
37.64079187652252,7.2939964288027666,5,12,3,3,3,0
6.284191564154887,4.302438268950019,1,20,2,3,1,0
14.581797067464224,6.328881624387854,5,0,1,1,5,0
6.849731027550302,8.162148247293793,2,20,3,1,5,2
10.796044199071286,1.1104924133648577,1,21,2,1,6,0
3.558326428744124,4.970192841604855,3,18,3,1,1,0
4.760753284301678,4.918310452371896,3,14,3,1,7,0
33.950306646750704,6.41555820891573,1,17,1,3,1,0
5.623235879038035,6.736297687295325,5,9,2,3,1,1
48.9031287176244,5.1421842402595495,5,20,2,1,2,0
3.337114962317691,5.181973955655242,2,2,1,1,3,1
13.228390530474538,3.9014886985791053,5,19,3,1,6,0
4.701142737659235,6.004153486966984,5,2,2,1,4,0
5.212222477946181,2.3964160480723176,5,4,3,3,5,0
13.446900418880926,9.925363260801559,1,10,3,1,7,1
7.396087882236381,3.0467198438144383,5,9,1,2,2,0
0.27905382555800434,8.561460003023837,3,17,2,3,4,0
0.528147201549566,8.407068602458079,4,1,2,2,1,0
6.221683468929157,2.979147432106618,4,20,1,3,6,0
4.31813409356783,4.503338431900091,4,8,2,3,8,0
2.259045706615086,7.0400210033467125,5,6,2,3,2,2
1.7548357412687912,5.563872967815808,2,12,1,3,6,0
30.967497505816567,2.1580158134314154,3,12,3,2,3,0
7.166817492944783,6.996414286254542,3,17,2,1,8,1
9.595472551191682,7.0057476490924815,2,21,3,1,9,1
1.327380826462141,3.0520521139373704,3,1,1,2,1,1
6.591605888406839,7.167270963800542,3,17,3,2,6,0
6.0414950570821,7.739429598783495,4,10,1,1,5,2
10.049732689838372,7.834681801700615,1,5,1,3,9,0
5.174982176159429,2.8408421057532176,4,22,2,2,4,0
3.394499845103076,2.121435494733188,2,14,2,3,4,0
1.9454905998206706,6.770485799130771,1,2,3,1,4,1
27.785949336144967,0.20944806250808856,4,15,1,1,1,0
10.148542509321889,4.359718558999551,2,6,2,3,5,2
10.589388015129838,3.79424151709728,4,18,3,1,4,0
3.768659200937269,4.087575424475324,3,5,1,1,8,1
28.61351741789038,4.418372027416729,2,4,3,2,9,2
42.93393504288045,2.4921308782935654,5,22,3,3,10,1
1.751738023304994,6.120517478114802,3,15,2,2,8,0
10.23789164528067,3.011261669293728,5,16,1,1,9,0
2.4548313884104984,6.958216483082847,1,14,3,3,7,1
9.38036682720365,5.719358748253058,4,21,2,3,1,1
23.645263364294877,1.3452039978448243,2,3,2,1,7,1
8.794978940729756,5.36841206232791,5,4,3,2,8,1
0.5387896686261303,5.966935663987457,4,12,3,1,1,0
6.084254420460447,7.001155631863853,3,14,1,2,1,1
17.762813847621757,3.420742412052758,3,14,3,1,2,1
3.6086444525791723,3.1108483457311986,3,7,3,1,5,0
35.32932384143915,2.349710828164749,3,11,1,3,5,0
0.8268730555706499,6.499831982095722,5,16,1,2,6,2
35.052342689184734,0.7701586309796475,3,21,1,2,10,0
4.88114885787095,4.49666315832514,1,8,2,3,8,0
3.706437563009632,3.923951349458882,3,19,2,2,7,0
4.36976901469053,4.986699112433158,1,10,2,3,9,0
9.203562818154108,1.431963793180525,4,5,2,1,4,2
1.6289157552484173,7.402960157503845,1,5,2,3,1,0
1.9452200795173344,9.827645750063752,1,4,3,3,3,0
4.1540543225559805,5.9070163748334625,2,19,3,2,4,1
21.80818046191058,4.3522056406418725,5,14,3,1,6,0
2.0872329078564213,2.93476530622364,2,22,2,3,9,0
2.983114703569889,6.5385851350603295,1,2,2,3,1,2
1.6754329117788802,0.07560881646608753,2,13,2,3,8,2
7.893873135946851,4.693460596067252,1,6,1,3,7,2
0.24851007178657475,3.668214383565785,1,2,3,2,1,0
44.632804296353264,4.932108963346098,2,10,2,2,5,2
3.11314992875727,5.091565729153807,5,5,3,3,6,0
22.462529014200175,1.4519336000064271,5,16,3,2,3,0
30.25514156025503,2.1889604051333094,1,17,2,1,1,0
6.922142159548448,3.680653967073069,5,15,2,1,8,0
19.159146521145757,4.661071317680321,2,12,1,3,9,0
9.878248395959448,6.05785894279327,5,0,2,2,6,2
1.251533763432071,3.882331722917235,5,13,3,1,5,0
11.709038949364889,5.923968472911084,4,4,1,2,6,0
4.223813032061462,5.203323518011077,4,13,2,2,6,1
6.05640647446768,10.204067326783726,2,11,1,2,7,1
18.887677745490368,6.450538273198642,2,9,3,2,7,0
19.264311430922028,2.9106713884610556,2,14,3,1,6,0
17.468252147121678,9.00654879857344,1,13,3,1,9,0
1.175151329781838,4.066698597896615,5,22,3,3,2,0
9.789246478193904,3.0434201848763185,1,13,3,3,8,2
11.79468602034634,5.961947074863949,5,8,2,3,4,0
81.68374708027048,4.7731068876138725,2,4,3,2,4,1
0.5708710882606998,3.5227136777872583,1,12,3,2,10,2
7.129015648515388,5.422806427838427,2,7,3,1,10,0
31.434126381529744,5.405289259581607,4,4,3,1,2,2
3.4572616050620537,3.6733880259767258,5,12,2,2,4,0
8.47298776332382,5.119260845025719,5,16,3,3,9,1
0.4865566087148762,5.277433807751206,2,11,1,1,4,0
10.754813571645755,3.7821048208680734,3,9,1,3,2,0
2.494129069757082,3.4397530453178584,2,17,1,3,9,2
9.755518500492869,2.787096021360199,5,14,2,2,10,1
9.120008555920728,4.288909261385508,5,14,2,3,1,0
20.08787022087472,6.825614799649499,4,9,3,3,4,0
5.0686558746863675,3.174856214615938,1,11,1,2,9,2
1.4662907957184026,4.328493237477782,4,2,3,3,1,0
0.20038433012034482,5.413358649842482,1,7,3,2,8,0
17.752906066495434,5.048063569571653,1,0,1,2,7,0
0.8531165055506645,5.487604049184797,3,21,1,2,9,1
2.732531192242751,2.843261429432346,4,22,2,3,1,0
3.3016986656104237,7.544171210705466,1,3,2,1,5,1
1.2292040239179967,8.401949395235356,1,1,2,1,6,0
1.5640537109478216,1.6342513984658158,3,4,1,2,9,1
13.598782514140343,4.565519059690209,4,10,1,3,4,0
9.120496512658534,3.7888423462196297,5,21,3,3,3,0
1.9566859116256325,4.225842450494416,1,8,2,2,7,2
23.34551373717837,6.770095811608885,1,4,3,1,1,0
0.19610927749040957,5.828043410474346,3,3,3,2,1,0
0.9687533795937108,3.717484230713975,4,10,2,2,10,0
8.940494504279062,3.4896755959414616,2,22,3,2,6,2
1.951423976712395,6.313732231450759,4,14,2,1,8,2
4.792418462996219,4.112210949639739,2,10,1,3,9,0
2.1654996056185842,6.393611598338758,5,18,3,2,6,0
12.443069258517275,5.131419851457148,1,12,3,2,10,1
10.829442743650151,3.1995938037965725,1,13,1,1,5,2
0.11012055033079457,6.258170475899147,5,20,1,2,1,0
4.435543615751087,6.1026281054009095,1,20,1,2,8,2
12.317547348728223,3.4148036642444133,2,8,2,2,5,2
6.437062701363607,4.051222615126697,1,2,3,3,8,0
26.027708805526892,2.09199762809444,1,0,1,3,7,1
3.562121635139257,4.410261499620926,1,19,3,2,4,1
2.913806335477418,5.8914442999296615,2,17,2,1,4,2
19.34606594719099,8.097495184137204,5,5,1,1,3,0
2.445372932277471,3.6498917557924404,2,20,2,1,10,1
17.223630706404826,2.5407731033730494,3,1,3,3,1,0
9.454434557802479,5.874374057890695,2,10,3,1,4,1
12.215500014835726,8.340548414234416,5,23,1,1,1,0
1.395075670748065,2.85039016393339,3,11,2,2,7,2
1.9344411662471384,3.6397539433153354,4,21,3,2,9,1
21.97237349003119,2.105969875798964,2,1,2,1,1,0
5.305617029547781,3.52606395937576,1,9,2,2,9,0
25.793464588133972,6.123846131274562,2,17,2,1,6,0
4.06333099705257,2.9122751632175135,2,5,2,1,6,0
15.07965335139691,0.6179037732457209,2,12,1,3,5,0
3.8221412536973842,3.4047361146921946,2,4,2,3,5,0
13.501431094432876,2.1418037756912556,3,11,2,1,10,2
31.605141482450037,1.735437602958699,3,15,3,3,6,2
7.116939110374739,7.323687837287961,3,18,2,2,4,0
1.2916045157518936,4.062257482205485,2,20,2,3,8,0
41.11042102605326,2.868238545853839,1,17,1,3,7,2
1.5001707642501392,7.278109064886024,3,4,1,3,5,2
24.720533772620318,7.714813043484476,4,2,1,1,3,2
20.393743497235988,3.768379229204415,3,7,1,1,6,1
16.411469249458918,5.4951022572727535,3,17,2,1,8,0
11.305122810876316,5.322166135934892,1,3,2,1,7,1
1.6182870417619792,6.607669467815025,5,12,3,2,7,0
0.7914139282250792,3.2625767344933254,4,13,3,1,4,0
13.806474431996314,8.156468575790653,4,15,3,2,10,1
5.261443022475312,6.77729653755419,3,12,1,1,1,2
2.597326678010144,7.366944943859927,2,5,3,3,3,2
9.990965194118287,4.778013105677188,5,7,2,2,7,0
3.0057958081095997,6.2937888192182045,2,20,1,2,9,0
6.4282457227934975,4.937079199673473,2,21,3,1,10,1
1.9456687271175537,3.6511531543060807,5,23,2,3,2,0
4.017738106107089,2.0295828970339462,1,15,3,3,3,0
5.883913833637536,4.607631706721115,3,23,3,2,6,1
12.19227681347572,6.026415153721641,3,17,1,3,10,2
2.537863350189249,2.242998786740877,4,6,2,2,4,1
28.003369900772228,5.790333412373323,5,15,1,2,1,0
17.061221361975456,4.342111355549622,2,2,2,1,1,0
6.101691000270736,6.750049149501376,5,18,2,3,10,1
9.723598679728182,5.97932290524838,2,12,1,2,9,0
10.409347703800043,5.936646777982605,3,0,3,1,4,0
12.070779096670881,2.5433118481190395,1,0,3,3,1,0
0.3795616015160419,5.850710224627944,3,6,2,2,9,0
0.3590192803290529,6.939130006532498,5,21,2,2,1,2
3.816246816858093,4.869943107394553,1,13,2,3,4,2
9.108105772313008,4.251992963367052,1,9,1,3,8,1
15.75769059263635,4.266830309244837,4,9,1,3,3,0
3.3125022154072696,1.5972773784114769,2,5,1,2,6,0
25.274833018615787,4.64812199768805,5,4,3,1,2,2
3.6121601043729203,4.650490258000849,5,4,2,3,1,0
11.13836272289368,4.974197209130389,1,5,2,2,7,0
27.124925093063084,4.317374799097644,3,9,1,1,1,0
7.030860629152134,5.410910850777869,5,5,2,2,5,0
7.822321785812742,3.908940503510924,3,16,3,1,3,1
0.7178412648755399,6.990746056342401,1,6,2,1,4,0
6.581646665649044,5.07982208081703,1,10,1,1,7,1
2.028646858317804,2.7798692648302876,5,0,2,3,6,0
9.742248087805914,9.813735430439053,5,23,3,3,2,0
13.184738899228076,9.002857991542157,4,20,2,1,5,2
5.923770226324631,4.636865986505016,2,11,3,3,3,0
13.016074216606526,0.9625331512003212,1,8,1,2,8,0
1.8018511830890915,5.155677341299522,3,4,1,3,10,2
12.615698558630474,8.372210422357366,3,16,2,3,5,1
14.043076671075369,2.3286378159658083,5,5,2,2,6,1
0.8507251371434327,8.078104018169881,5,9,2,1,4,0
8.166736500607385,2.480830895164929,5,13,2,2,1,2
0.9890151841303876,1.3966560342453156,2,11,1,2,5,1
0.7129653170094036,4.596956184083609,4,23,2,3,5,1
16.37299153859557,4.99153828701785,1,8,1,3,1,0
5.472751000895056,6.041237111743653,4,10,2,1,10,0
0.013527766772663166,3.329946190795831,1,23,1,2,7,2
1.4508591477145825,6.686064347348297,4,18,1,2,8,2
0.06779903918190192,5.341938781860409,4,15,1,1,6,0
0.4549415548190039,4.213070980713463,2,1,2,3,7,1
8.755309208126667,6.656594627050079,1,0,3,1,10,1
9.31519256784546,2.1267857648941537,5,5,1,2,8,2
7.3683533600540985,4.53393344706392,1,10,3,1,4,0
25.302917970253638,1.7014814212811618,1,1,1,2,7,0
2.4642301235467223,2.3821186517106736,2,3,1,3,1,1
4.448812387896289,6.900149824453205,3,14,1,3,10,2
7.363248904433957,5.031117567702334,5,22,1,1,2,1
25.587882427931426,6.811743351126564,5,23,1,2,2,0
3.543844953900715,2.8956090960806944,3,11,2,1,9,0
7.5768455184366434,9.224838922055493,2,5,2,2,10,2
9.17395964229617,9.408404156509388,2,12,1,1,6,1
40.78423850375977,1.730595022610684,3,23,1,2,7,2
16.654326483599384,5.044949686901853,5,20,2,1,2,2
0.6559771398475258,3.5123808381150337,1,16,1,1,9,2
6.042554323753798,5.722765665098928,2,0,1,2,3,0
13.352795289436585,6.423908501862239,1,18,3,1,6,0
0.11223897830178337,2.092675678139151,5,14,3,1,3,2
6.289035935993542,4.565784379358965,1,14,2,1,10,0
18.65277498555636,4.210191360305287,2,18,1,1,2,2
32.90478559915423,3.8938488705229313,1,15,3,1,6,2
2.7440890618374185,2.4557700497899533,1,14,2,1,3,1
2.3658980017719515,8.363517906737108,3,8,3,2,10,1
1.1043277435831065,3.2945692597293057,3,12,1,1,6,0
1.2433455515176264,4.963006748262617,3,21,2,2,2,2
14.549376725781812,5.704056891489742,4,19,3,3,9,1
4.102095529330451,6.036767230073593,2,10,3,3,2,0
12.379972174203672,1.2210656597760607,3,7,1,3,4,0
7.480700003728442,5.252979478373291,2,14,1,1,9,1
19.088134928192254,5.396142424382029,1,2,3,2,10,2
6.6602111005890405,4.18866198412286,2,19,1,3,8,1
2.9277318907606222,5.97383350613111,4,14,1,1,8,0
0.6748089133193331,5.618461790324172,1,19,2,2,6,0
12.816807343007127,3.8938441776954775,5,15,2,1,3,0
4.529930070820215,5.2107038903196985,2,23,2,1,3,0
6.47568485661755,2.096269139113167,4,12,3,1,3,2
0.7547596386658266,5.150302749490386,3,12,1,1,8,0
48.218938364770096,6.2316568668222,5,4,1,2,7,2
1.6727230019480772,4.515914464553582,3,11,1,2,9,0
8.10411095160134,3.5551839017528746,5,3,3,3,4,2
3.0489517371142663,1.980685486225072,4,6,2,2,1,0
4.941111991226432,9.051564355910493,2,3,1,1,3,1
1.480483612293676,4.424340467633149,3,3,3,3,2,0
2.5410580682958,4.16800287472792,2,1,2,1,9,1
8.881182108293714,3.5253332937456863,5,21,1,2,4,0
11.262144920156931,7.359180011678883,3,5,3,3,9,1
6.617090506868454,5.117538166093407,4,18,3,1,7,2
1.2561230159002124,8.958917331809735,2,16,2,3,2,0
2.681065630853782,3.3102578344233837,5,3,3,2,6,0
21.64943014276984,5.052189117668738,2,7,2,3,1,2
4.064416078565108,6.160080675079206,4,6,1,3,1,1
10.25812272158821,4.011200174774512,3,0,2,2,3,0
3.13626403258382,7.842948681531896,3,9,3,1,6,1
1.3339647212282826,7.419484960252451,4,7,3,3,2,0
8.030512665752335,3.112021367218233,4,1,3,2,3,1
12.390313062857722,6.4174233420112765,2,16,1,1,5,2
4.149306685987807,5.672206667857822,4,8,2,2,7,2
2.150170419201379,7.5003422494553655,1,5,3,3,7,2
6.987868952541395,4.7456242052228905,4,4,2,3,9,0
14.93687802361544,5.478780172832834,5,6,3,2,9,0
7.216245777127471,3.8013790995275665,2,5,2,3,8,0
9.068339194123826,3.1376306036409742,4,10,1,3,8,2
1.3580379405663519,4.822233968844124,1,16,2,2,6,0
0.2158010022139158,6.086533291793748,4,22,1,2,9,2
4.927083989898204,5.523422533603813,1,18,2,3,1,0
17.907578422746102,2.9813529811449526,3,21,1,3,1,0
19.477677693020613,3.8057851925655104,1,10,1,1,6,0
3.0886041195965634,6.328824864217629,4,2,3,1,2,0
0.18712601498817985,4.323924335343043,5,19,1,2,2,0
10.221191006096163,5.527693876138611,3,23,2,2,1,2
20.58429608595551,2.9760050991358087,5,12,1,3,7,0
10.504578076241643,4.2010202056100265,5,10,1,2,9,0
1.9946199216624265,3.3568161859523356,1,13,2,1,9,0
0.9680049591286195,3.8533353956260137,3,15,1,3,9,2
39.0382253208289,4.128889814743485,3,22,1,1,7,0
12.224306920996167,1.7683143281290126,3,20,3,3,1,0
1.8817461893159269,6.775040660263914,2,2,1,3,10,0
5.133971713482163,4.077920199867231,5,11,2,2,6,2
28.075221911017124,5.426536892930442,4,19,2,1,8,1
17.160242498671202,3.9604277592315524,4,22,1,1,2,2
25.34996145474105,8.416632905167539,2,14,2,3,3,0
1.7549932472095118,5.692911414464534,3,10,1,1,2,1
33.2597210643073,4.9723456989176835,3,15,3,2,8,1
16.88369296611125,4.580722074595294,2,17,3,2,10,1
14.765261731441598,6.755517876982509,1,16,1,1,7,0
24.108408420135568,5.3721537231049465,5,17,3,2,8,0
1.8453409812692905,3.216107454441258,5,10,2,1,10,0
3.7058568560757754,6.6688865866633655,3,21,2,1,3,0
9.675766535900067,7.9462905455675195,4,7,3,3,8,2
3.1588925696262975,5.9901444105458115,1,10,1,1,10,0
12.300952466967408,1.3572533413219223,2,12,1,2,7,2
34.66876252896266,6.230880911951481,5,18,3,1,10,0
6.586751439853621,7.69879023116019,3,8,2,1,9,2
29.18132311480441,4.294953836513572,1,1,2,1,3,0
13.535814012747016,3.8508668299457494,1,1,1,1,9,1
47.64573465331096,4.352458088038954,2,18,2,1,6,0
0.07591495698684955,7.904285842022662,3,21,3,2,2,0
4.7429351514161135,6.370473784819401,1,8,1,2,4,0
4.6619986750558144,6.9412444544512795,2,11,1,3,6,0
1.9651437114878587,6.990440042972772,1,12,3,3,1,2
10.786942904579032,6.385908888603636,1,2,1,3,2,0
3.5494558800399334,4.708226458589744,1,6,3,2,9,2
2.0434147490045262,3.974484184626265,2,1,2,3,6,2
1.0434392372994115,4.431523431588597,3,8,2,2,7,1
6.579647303140593,2.171441296542196,2,17,3,3,4,0
2.1062608130054543,3.4426086040793735,1,11,1,2,2,0
1.466748080660203,4.829224995920416,5,6,2,3,7,0
5.561947004606406,4.681025062943753,5,13,1,1,7,2
8.499377358564027,3.440059946315003,5,8,3,3,9,0
15.167226941908558,8.666985778987394,1,4,3,2,1,0
10.06339544208779,4.235925740326156,1,8,2,2,9,0
19.31420645504853,2.689179594846022,4,17,2,1,6,2
2.2837438790566793,2.96922985113657,1,4,2,2,5,0
5.289213762746256,9.705241771819175,1,21,1,3,9,0
1.383658032884874,9.784245835847372,4,0,1,3,1,0
17.925221084240203,3.9094605246371446,2,7,2,1,9,1
3.6018773176697625,4.548713401564642,3,8,2,3,3,0
19.988516886085804,0.17664302837414247,3,5,3,3,3,0
4.20442177780238,3.397310562075595,2,11,3,2,1,0
10.325721840191457,3.463985088225157,1,20,1,1,1,0
2.249528774612919,4.71884818713667,3,22,3,2,4,0
0.532790281952299,4.184054759197027,4,10,1,2,7,0
22.696801153790215,3.930317428883339,3,12,3,1,1,0
25.79712665285275,5.4097412261312945,3,2,1,1,7,0
1.557807051466467,4.069601113530522,3,0,2,2,5,2
0.8634132605605866,5.508459650103867,1,13,3,2,9,1
1.2637498138231655,5.504474501670472,3,6,2,2,1,0
7.20602580896485,4.4749647698920825,5,23,2,1,1,0
17.24167779178803,8.340327800057501,5,7,1,2,9,2
4.683856629100245,4.265042851938119,2,21,3,1,1,0
5.147894601634027,5.248128171950364,1,21,1,2,10,0
31.51141501341354,6.1848407861531465,1,20,1,3,10,2
14.32950554039123,7.460984127784331,1,12,2,3,4,1
1.5496721088496244,5.393151145885827,3,11,1,1,1,1
14.6527391151788,6.205911512407209,3,6,3,1,1,0
11.096495818379433,6.607855413607774,2,21,3,1,10,0
4.321354053095324,5.560404475001128,1,6,2,1,8,0
0.10974530165306559,1.3626502293331328,4,8,3,3,2,0
4.359299256874104,3.878277519881529,1,5,3,3,5,2
1.1747734267572227,4.499432953644777,5,19,2,2,7,0
25.260695750518188,5.907344702140413,1,13,2,3,9,1
5.789465101596556,7.51183078959375,2,9,2,3,3,1
10.21177712990112,1.7358305364627786,5,12,2,3,9,1
11.1825143887917,7.200450879375889,5,16,1,3,8,2
8.93571535687675,7.6630172932258365,4,7,3,2,6,1
5.74446944189467,4.046173343961721,5,22,3,3,4,1
3.7567038679187625,4.6587692152394995,2,10,3,1,3,0
14.708453536640791,5.434959935637533,3,10,3,2,2,0
47.88727844964222,4.182446436957811,4,17,1,3,6,2
2.17714973329419,6.111418989640967,3,10,3,2,2,0
23.16633411654407,4.815572992167703,4,15,3,3,1,0
8.292145269792583,7.809461569058599,2,23,2,2,8,0
37.896799945493946,6.453167901341733,5,10,2,1,2,0
9.674849808969038,3.3257062768289862,2,17,1,2,3,2
10.23209020424904,4.7417224839799275,2,20,3,1,4,0
6.5864253240043515,2.0119674444657845,4,0,3,2,6,2
9.100389004548553,4.240018970523854,1,5,2,2,9,2
20.433091050876484,4.451483347801904,5,5,2,1,2,0
1.5459139910865396,3.5638031105713193,3,3,2,2,10,2
13.778345919731985,2.4431908048647406,3,8,3,3,9,2
20.831326719267075,5.026063787672483,1,18,1,1,2,2
11.776317621553233,0.030233639881057428,3,8,3,3,5,0
18.754379743640744,8.208654725265534,1,2,2,3,8,0
8.565929923607568,6.285408142487768,5,1,3,3,6,0
3.3375956172333576,7.518732124553633,4,23,1,2,1,0
15.155159273526396,8.19263112575068,2,21,1,2,1,0
2.795128422602099,6.458945524023372,4,14,1,2,4,2
10.817243023806709,7.187400179943323,4,1,3,3,1,0
3.4835503544436506,2.79929663688674,2,14,1,3,4,2
12.581965518769199,3.21270305671161,3,5,1,2,4,2
8.474723093543929,4.568426727576033,3,23,2,1,3,1
11.234224128345062,1.118886469973933,5,16,1,3,10,1
15.415758067559695,5.56406066543773,2,9,3,2,5,0
4.019049225280689,6.009213229849632,3,15,2,3,10,0
0.6555195731414745,3.8047825169357044,1,4,2,3,4,0
2.2559106221533867,4.735410646278074,4,10,1,1,10,0
6.5646199043350215,4.023647892139341,2,19,3,1,1,0
7.347543441115852,4.625242840654499,5,15,1,1,10,2
23.330936620018285,4.6904591090268966,2,11,2,3,2,1
13.487690141022977,5.307387122380067,4,13,3,2,8,0
11.315368047601023,4.228911093427662,2,19,1,2,10,0
3.795992151836021,4.5333160804957595,1,0,1,2,6,2
5.305902214663037,5.593188396380144,4,12,1,2,10,0
16.580980822082314,5.805220490770741,3,19,2,3,3,1
6.267129636339176,1.3707931368270705,4,5,2,3,1,2
38.3509853991484,5.3083813982613535,5,13,2,3,7,2
16.542197668864766,4.572253764168719,4,16,1,2,4,0
28.918915487707274,2.1504364780965277,2,12,2,1,7,0
6.0994305668693825,5.336491872389983,5,3,3,2,2,0
1.557988648772971,7.355455416710555,3,23,3,3,3,1
5.399250447920472,9.06118932260157,1,20,2,2,10,0
4.7535268958500945,4.948593112782406,4,7,2,3,8,0
2.9317264704001094,7.186371892118729,2,9,1,3,1,0
9.316959743220977,7.057012278100659,3,5,1,1,1,0
13.151802430163002,2.9720261731717947,3,3,3,1,8,0
5.101619814470154,1.0890523135079766,4,5,1,2,1,0
1.1107850201870264,6.713155805941797,3,4,2,1,6,0
1.4339973116568334,7.190841357537904,3,6,1,3,1,1
6.226264582037945,3.87825387931098,4,9,2,1,2,0
4.111285441050642,5.431263402621136,1,21,2,2,2,0
1.2126815840202974,7.513529066380576,5,12,2,3,5,1
32.32199609053878,6.031645476839636,5,21,3,1,2,2
6.795075090635039,4.369868004274626,5,9,2,3,3,0
15.848018745846414,4.714522490925863,3,1,2,2,7,1
0.41322097528446533,5.171437992930823,1,4,1,2,7,0
2.180778734108381,7.349752010754033,4,0,3,3,9,1
11.112911392078026,5.615931424932455,3,21,2,1,4,0
0.6431558894065266,4.4297744496055405,5,23,1,2,4,1
17.144313677175383,0.3363236160601417,1,18,3,1,8,0
20.07126466798368,4.95638729011671,1,7,3,3,6,0
0.08170401315705261,3.801167039851617,5,21,2,2,2,1
6.739775622843023,1.2396829173836057,2,3,1,2,8,0
5.742464387087943,6.156654835012418,5,2,2,1,6,0
5.50997479195958,4.881492948235866,1,16,2,3,4,2
2.852102145896249,7.512680608770836,4,5,2,1,6,2
7.1806944469886425,6.057396026472501,1,14,2,1,10,0
4.353042282057395,5.149879306148695,3,21,3,2,3,2
10.691157433954814,0.8706623388694634,5,5,2,2,4,1
3.4030723618554086,4.071900807220374,5,16,2,3,10,0
1.048117010099807,7.1716958433210145,4,10,3,1,6,1
2.5422452674316096,0.2940134344900436,3,2,1,1,4,2
2.349413445926785,4.8166394876858085,4,10,1,2,10,0
1.5500933672905068,4.971521135920469,2,4,3,3,9,0
0.6111800026706266,4.202046978014291,1,6,1,1,2,0
3.205773095556429,2.2430036362168484,1,12,1,3,9,1
11.432571165051648,4.04738378472103,1,7,1,3,4,2
9.80966019861097,6.59269287785034,1,17,3,2,8,0
4.783425271899758,6.691046540153813,2,20,3,3,4,0
27.12120498687643,5.891184373276812,4,13,3,3,4,2
8.555614428103006,3.554361364406576,4,6,1,1,8,0
3.9635500674608206,2.352467040655553,5,21,3,1,3,0
4.016533938774928,6.385621263560159,1,9,1,2,6,0
18.404470426826705,8.587283344242206,2,21,3,1,1,0
1.3488329604496438,4.657208055894389,1,3,1,2,7,2
25.96334027039234,4.609774708123861,3,0,3,2,5,0
1.5454273532124048,4.702307299465569,4,2,1,2,6,0
11.94766297755826,2.5487964482367924,2,16,1,3,5,0
1.9904793801022311,6.347899668957061,3,9,3,3,10,2
0.5628631398663927,3.427476743145411,2,7,2,3,8,0
36.035919571413785,6.070204727988098,2,4,1,3,4,1
41.51467254540464,7.986907324343202,2,14,3,2,2,0
16.01743886099237,5.3709458982536065,5,9,2,2,7,0
19.664633783532423,5.613499120311586,2,2,2,1,7,0
10.35490040949741,4.317048479621221,1,7,1,2,4,0
4.345823229417879,4.33149615270386,4,14,2,3,7,0
2.2562356740562377,4.41231242855082,5,14,2,3,5,0
8.511707005929999,5.777368684938237,4,5,2,3,5,0
17.62342314211605,7.4375920710165175,1,1,2,2,6,0
2.1368912850541975,4.484940410886376,5,8,3,3,5,2
9.855622534389934,5.589110358900827,5,10,2,3,4,0
2.5558807602066653,5.406731777291595,2,10,2,1,6,0
4.947168846655188,4.345247374798855,1,10,3,3,3,1
14.640553320517508,4.2143253223054415,5,23,2,3,3,2
3.9161130950265246,4.745447625738622,2,20,1,1,3,0
2.1046405150019303,7.263044715076797,3,10,2,3,7,2
1.3799519730144951,6.214845077306601,5,4,1,2,5,1
5.506338972503169,3.182627859341161,1,20,1,1,4,0
4.333093152866117,2.9930710938652885,4,12,1,3,3,0
16.675371655136498,5.227143531452249,5,15,3,1,7,0
1.4741647213359554,2.0377515112538744,3,7,2,3,5,0
17.095274624055882,8.560797445426978,2,16,1,2,9,0
1.5104410591732056,8.889940431237688,3,16,1,3,8,1
21.57226557270432,4.483663692854574,4,18,1,2,6,0
45.670071830827304,2.2403255134079174,5,14,3,2,10,0
5.108801277714105,5.665919267389166,5,10,3,3,8,1
3.767349923179215,5.2870406036293325,2,0,3,1,3,0
1.9891638152836497,4.198602898471484,4,22,2,3,2,2
12.665223355591412,1.2103109438260962,4,3,2,3,1,0
9.557257988265267,0.7060518347471403,4,7,2,3,3,1
4.340946163960609,3.8606018601259304,2,11,3,2,8,0
0.039266884956218176,8.744445834023098,5,5,2,1,3,0
14.197536336392231,6.342165963955738,4,0,3,3,9,1
7.53163081328021,1.5596016821517455,1,13,2,3,6,2
4.833730543791817,2.683214285595385,3,3,1,3,10,1
21.358730433503776,2.330469009424655,2,8,3,3,1,0
3.5081693565845553,5.171291989534838,3,13,3,1,4,1
0.5503421314376649,6.851600372629598,1,9,1,1,10,2
12.846792174097132,7.258773160632584,4,17,2,3,1,1
5.134505172582388,3.079152915501931,4,3,2,2,3,0
9.015796888239931,9.272016258994682,1,4,2,2,4,0
7.448197215695629,3.53872540181247,1,1,3,1,4,0
13.551562923529328,6.6146409527410155,2,11,3,2,4,1
21.648490495998903,0.18633838745765186,4,21,1,2,4,0
14.155257044522516,7.323846880956147,1,11,1,1,4,2
0.8566974776753317,1.764448085121816,5,5,3,2,10,0
29.188920609111698,3.6017272949459165,2,15,2,2,3,2
24.108396750694766,5.637403387611723,1,20,1,3,4,2
1.4161192785079835,5.920412077642937,1,2,2,2,8,1
14.31470962667322,5.031352665239507,1,8,3,2,9,0
4.3368571829377,5.2770246466545725,5,0,3,3,8,0
1.2012134662383724,2.4068410289846245,5,22,2,2,3,0
5.403095444758954,2.370902667891986,1,9,2,3,1,1
18.909536384276613,6.7767280184644765,2,6,2,3,9,2
7.540208315184672,1.0415933140207243,5,9,1,3,3,2
38.08526146776974,1.8290940791185002,1,4,1,3,6,2
3.2040944430398492,4.7948066996465295,3,4,1,3,2,0
27.1556380640307,3.257379391532869,3,8,2,2,6,0
1.040312359850025,2.296073322622422,1,13,3,3,1,0
1.7687189828939955,8.51423558324811,3,7,3,1,2,0
23.5361476012078,5.823283688804928,3,3,1,2,8,0
19.35351881474069,5.762963216981377,1,14,3,2,7,0
1.6412233551577513,7.079926120610053,2,9,1,3,3,0
16.286986813093808,5.938351510695079,4,2,2,3,1,2
1.6991229841134434,5.401854384745454,1,15,3,3,3,2
20.38331879702585,4.644749814905686,2,8,2,1,10,0
8.41734960723924,3.0412196388990886,4,23,2,3,3,0
11.651830979175838,5.167587510829936,3,9,1,1,7,0
10.079139510495468,7.768736175405179,4,5,3,3,5,2
3.5902974109051033,1.4147952964446238,1,20,2,3,9,1
0.24225825390395606,5.13137763426168,3,3,2,1,5,0
2.406822449498934,5.857799296845511,4,1,2,3,4,0
2.904031591694025,6.217430360156347,5,15,1,3,3,0
1.4877797388723608,8.140652610171717,5,14,3,2,6,1
0.9237354225548166,7.085745392857211,1,6,1,1,10,0
5.980803241050659,7.373813019972326,3,23,3,3,7,0
6.316234211926256,4.242971017445763,2,8,1,2,1,0
4.6150676920821025,5.111497273294611,1,5,2,2,8,2
7.043300257950805,2.3466708691919234,2,9,3,2,5,0
4.788369090145716,6.564934339015682,5,2,2,2,6,0
7.744715147069962,4.465954840440242,5,14,1,2,6,1
10.003766318372783,5.331606059488971,2,1,2,3,1,0
17.123347057948315,4.246151123946996,2,5,3,1,6,0
2.8886996057127896,6.768932928103648,2,3,3,1,8,2
3.8109993291361595,6.882847666554148,1,11,2,1,1,2
2.1651432616508828,5.923039887781583,4,12,3,1,2,0
19.059729090737108,7.0768945608211,4,20,3,1,8,0
3.5726325049483885,4.3389557752468,5,7,2,1,2,2
14.435913212809005,4.128716292323565,1,11,2,2,3,2
26.19613371191184,2.511326720431738,3,8,1,2,10,2
2.2888931076009977,4.291953987253382,3,4,2,3,6,0
5.953414737765549,3.473613928675772,3,12,3,1,9,0
3.7586618969301666,4.325085410403424,3,12,1,3,3,0
3.6737972610163725,7.085516868869243,1,16,3,2,8,1
1.3206106549883603,9.296434097654132,3,16,1,1,3,0
22.379359644105683,3.6047231807212334,1,7,2,3,9,0
14.706149720917825,2.810151275171215,4,15,1,1,4,1
1.9737857920947044,5.037259277984388,4,14,1,3,6,2
21.731894299499167,8.121616629276126,1,23,2,2,7,1
2.491714158342286,6.14237024272829,2,21,2,3,10,0
20.622046634887013,6.299784962271415,2,3,2,1,7,2
14.877281523856034,3.4512712107171275,5,4,1,1,10,0
38.71343165961256,4.384635082852128,2,7,3,1,8,2
9.599605509744901,1.728613350769471,1,9,3,3,1,0
2.834306663863908,4.404959596928132,4,6,3,2,7,0
4.655428832712291,4.161054518223266,1,4,2,1,1,0
1.6921698878739657,4.074375236061307,3,18,1,3,7,0
19.559194984422128,5.076821370273754,3,1,3,3,3,1
7.735938597213555,0.6362678053439295,1,13,2,2,1,0
13.038244210434122,2.802901294827088,3,1,1,1,9,0
5.765562065183195,4.3377922970731415,1,22,2,3,5,1
13.222706031329952,11.31183685907288,4,9,3,3,7,0
5.146879090940378,4.985159637558119,1,14,2,2,9,0
8.054502054974433,7.225401133162108,5,16,1,3,1,0
14.865593752957803,4.926135479801861,1,17,3,2,9,2
2.7272196313684978,3.7509954083475763,2,2,1,2,1,0
8.476333142427592,1.53377569257669,4,12,2,2,3,2
1.725148328696774,4.170704655721709,3,0,1,2,8,0
5.3684585080153555,2.6096299119043715,5,9,1,1,4,0
14.756468538271037,6.607063432826268,2,13,1,2,7,0
8.587597600158885,4.394888588678956,2,6,3,3,8,0
17.092177583761785,12.472944251942366,4,20,1,2,1,0
7.175676936447685,1.7390578339590057,1,9,2,2,8,1
18.57828969709579,6.524972147754273,3,21,2,1,9,0
7.3529166256157295,3.4859353579582004,5,23,3,1,5,2
3.8000702072420016,3.17531603381396,5,12,2,2,1,0
16.57308421471027,3.7974882227684947,4,15,3,3,4,0
15.592020785347561,6.235980018161156,1,17,3,2,1,0
0.8556682940424355,5.853689498462496,2,11,2,1,5,0
8.541195257960227,0.21655666491410308,1,14,1,2,8,0
9.62734103207942,6.341089735329179,1,20,2,1,10,0
12.48630526164995,5.151434471854091,5,3,1,1,3,1
7.376354847742309,7.051887616599268,5,16,1,3,2,0
2.509274077230091,7.941959199740474,2,17,1,1,8,2
21.033698012063127,5.767359006057548,5,13,2,1,10,0
14.228666548535163,5.2895943991911665,1,15,1,3,8,1
0.13064128212838172,5.00222166364317,1,19,2,2,6,2
19.842447115891243,4.978473669985351,1,20,1,3,3,1
3.7687403431451507,4.003812199697833,5,4,1,1,7,0
10.539229625711146,2.7000413627687307,3,15,1,1,6,0
4.208956308734714,3.8814319489857443,3,16,1,1,9,2
9.69250092232986,2.8556513012439946,3,22,2,1,10,0
5.239384704836097,4.074792358462782,4,14,1,1,2,0
1.3286711729827134,4.119308400105976,1,0,1,1,2,0
4.2414713365894325,3.8725531281625023,1,21,3,1,6,0
6.232323287455999,2.8412560084780627,4,21,3,2,3,2
8.383688033862722,3.5832019481831248,2,0,1,3,6,2
